time,bot_react_x
0,0
0.001,-0.00057008197374672
0.002,-0.0011384661788852
0.003,-0.001704202532667
0.004,-0.0022661138514748
0.005,-0.0028228459537998
0.006,-0.003373269547318
0.007,-0.0039165005817095
0.008,-0.0044504341518036
0.009,-0.0049735907310989
0.01,-0.0054837217424095
0.011,-0.0059791973419408
0.012,-0.0064573407344288
0.013,-0.0069184825429658
0.014,-0.0073625856822084
0.0147,-0.0076628596062192
