time,bot_react_x
0,0
0.001,-0.00021390289032204
0.002,-0.00042780967288279
0.003,-0.00064155294455382
0.004,-0.00085421303311996
0.005,-0.0010664518361695
0.006,-0.0012778401333218
0.007,-0.0014878356398417
0.008,-0.0016958501948754
0.009,-0.0019004664651889
0.01,-0.0020941998770259
0.010343,-0.0021462052294827
0.01040064801,-0.0021446387051429
