time,bot_react_x
0,0
0.001,-0.0002139124713908
0.002,-0.00042780650165617
0.003,-0.00064151257591033
0.004,-0.00085364541343371
0.005,-0.0010648160898805
0.0057,-0.0011951005560419
