time,bot_react_x
0,0
0.001,-0.00021391498488653
0.002,-0.0004277835658405
0.003,-0.00064153840076585
0.004,-0.0008540080883723
0.005,-0.0010659336721842
0.006,-0.0012766728734736
0.007,-0.0014823017340394
0.00716807,-0.001511021117279
0.0071963175249,-0.0015137700990492
0.007210158812101,-0.0015145476462538
