time,bot_react_x
0,0
0.001,-0.00021390430887701
0.002,-0.00042780874238201
0.003,-0.00064153261928078
0.004,-0.00085395914277278
0.005,-0.001065888004328
0.006,-0.0012766117611855
0.007,-0.0014849620852842
0.008,-0.0016885742066176
0.00849,-0.0017801684669826
0.00854764801,-0.0017866390178797
